ID,Test Loss,Test Accuracy,Test F1,Test mAP,Test Subset Acc,Train Loss,Train Accuracy,Train F1,Train mAP,Train Subset Acc
18,0.2197676645416134,0.8824783811029399,0.6610291858889022,0.794528028875027,0.45872641509433965,0.009660761,0.99931884,0.98051643,0.9975545,0.95018035
19,0.20477832136851437,0.8960266945497045,0.6977952628765466,0.8174423372970437,0.5035377358490566,0.016297258,0.99802715,0.9536585,0.9886687,0.8927549
