ID,Test Loss,Test Accuracy,Test F1,Test mAP,Test Subset Acc,Train Loss,Train Accuracy,Train F1,Train mAP,Train Subset Acc
18,0.2197676645416134,0.8824783811029399,0.6610291858889022,0.794528028875027,0.45872641509433965,0.009660761,0.99931884,0.98051643,0.9975545,0.95018035
