ID,Test Loss,Test Accuracy,Test F1,Test mAP,Test Subset Acc,Train Loss,Train Accuracy,Train F1,Train mAP,Train Subset Acc,Train time
19,0.18688618705094417,0.8883982707406873,0.6820112004458347,0.810629102114205,0.4973714953271028,0.023343336,0.99720836,0.9363292,0.9850546,0.8563534,1155.2454962730408
