id,title,test_loss,test_acc,test_f1,test_map,test_subset_acc,train_loss,train_acc,train_f1,train_map,train_subset_acc,train_time
9,"batch_size: 16, learning_rate: 0.0001",0.1651793176952366,0.9239673361042948,0.7779485193368431,0.8997177010941728,0.5998831775700935,0.007950651,0.999433,0.9812103,0.9980923,0.953035,1477.550581932068
10,"batch_size: 16, learning_rate: 0.001",0.1787054596695109,0.8993708157093725,0.6376274021986489,0.783594252071648,0.4459696261682243,0.0367687121033668,0.9940524697303772,0.8999954462051392,0.974852442741394,0.7909679412841797,1474.721108198166
11,"batch_size: 16, learning_rate: 0.01",0.2010214464895636,0.7925147520047482,0.3091928972122825,0.5865062269094948,0.188376168224299,0.1896752268075943,0.8105093240737915,0.4297372102737427,0.6023842096328735,0.3018556535243988,1475.1269373893738
12,"batch_size: 32, learning_rate: 0.0001",0.1398856983842136,0.9294124312489946,0.7905499060577321,0.9118311204642892,0.6048481308411215,0.0031890415120869,0.9999245405197144,0.9936547875404358,0.9998130798339844,0.9834755659103394,1088.4610891342163
13,"batch_size: 32, learning_rate: 0.001",0.2595591099462777,0.8530978198363403,0.5439313354893266,0.7049530972944242,0.3615654205607476,0.0212882533669471,0.9972959160804749,0.944298267364502,0.9889582991600036,0.8703731894493103,1093.8906073570251
14,"batch_size: 32, learning_rate: 0.01",0.2534385009485984,0.8490709707001659,0.4387313167904025,0.6338694769645405,0.2876752336448598,0.1712358593940735,0.87211012840271,0.4532779157161712,0.656427800655365,0.3124616146087646,1137.9680449962616
15,"batch_size: 64, learning_rate: 0.0001",0.1251147704304389,0.9314553478978714,0.7977025576357571,0.9117580123667448,0.6211674528301887,0.00522633921355,0.9988991618156432,0.987061083316803,0.9976097345352172,0.9708554148674012,975.5410249233246
16,"batch_size: 64, learning_rate: 0.001",0.2008974061540837,0.8926192803202935,0.7222413285723273,0.8543067765685747,0.5400943396226415,0.0153161650523543,0.9977293610572816,0.9586582779884338,0.989331841468811,0.9073938727378844,953.4125640392303
17,"batch_size: 64, learning_rate: 0.01",0.19120155274868011,0.8308403705650905,0.4596497784807997,0.6104428852504155,0.30630896226415094,0.18007002770900726,0.8388184905052185,0.42854076623916626,0.6344166398048401,0.28460684418678284,959.6624176502228
