id,title,test_loss,test_acc,test_f1,test_map,test_subset_acc,train_loss,train_acc,train_f1,train_map,train_subset_acc,train_time
24,imbalance_handling=loss,4.194011621386092,0.9043248546457736,0.7771829801185108,0.8913528863514695,0.6039719626168224,0.18243504,0.9981313,0.9801858,0.9971098,0.9506062,1148.95241355896
