ID,Test Loss,Test Accuracy,Test F1,Test mAP,Test Subset Acc,Train Loss,Train Accuracy,Train F1,Train mAP,Train Subset Acc,Train time
0,0.22084289837941945,0.8796127293711511,0.6760816780206199,0.8141412846395902,0.48685747663551404,0.012146346,0.99737597,0.9707533,0.9940965,0.9288405,1199.5324308872223
1,0.26821251506003263,0.8721650515761331,0.6603586896557674,0.7997536458701731,0.44421728971962615,0.012660645,0.9982708,0.9683806,0.9949022,0.9228749,1182.2735455036163
2,0.21383000032924046,0.8853130724942573,0.6511496511575218,0.7961363029257159,0.4599883177570093,0.020326355,0.9970185,0.9496177,0.9879492,0.8868542,1144.602284669876
3,0.19517927073708205,0.8962641297099746,0.708807874505765,0.8396682137640837,0.5376752336448598,0.021838417,0.99619716,0.94456273,0.98629594,0.8761357,1112.3775713443756
4,0.20638739798113565,0.8886801266224584,0.6855881392398727,0.8220479454949637,0.5055490654205608,0.023648815,0.99597883,0.94082886,0.9853867,0.86796385,1123.2412991523743
5,0.19221879876105585,0.8957878384634713,0.6770022728732813,0.813138537317793,0.4973714953271028,0.030485528,0.9952838,0.91975486,0.98055327,0.8245778,1094.4179122447968
