ID,Test Loss,Test Accuracy,Test F1,Test mAP,Test Subset Acc,Train Loss,Train Accuracy,Train F1,Train mAP,Train Subset Acc,Train time
0,0.2723396328216958,0.869092924572597,0.6630891530870278,0.8028554259059585,0.4602803738317757,0.008615478,0.99931985,0.97891283,0.9972817,0.9486252,1167.3396322727203
