epoch,train_loss,train_dice,train_f1,train_accuracy,train_precision,train_recall,train_dice_w_bg,train_f1_w_bg,train_accuracy_w_bg,train_precision_w_bg,train_recall_w_bg,val_loss,val_dice,val_f1,val_accuracy,val_precision,val_recall,val_dice_w_bg,val_f1_w_bg,val_accuracy_w_bg,val_precision_w_bg,val_recall_w_bg
1,0.7637353008465991,0.0262870192527771,0.1138010248541832,0.10012248158454895,0.15076427161693573,0.10012248158454895,0.058071911334991455,0.13351692259311676,0.13305959105491638,0.1400890052318573,0.13305959105491638,0.30286572370035897,0.036019183695316315,0.14690740406513214,0.1253669559955597,0.24113152921199799,0.1253669559955597,0.06946470588445663,0.17508020997047424,0.1606002300977707,0.23385804891586304,0.1606002300977707
2,0.34167529890455517,0.03813600167632103,0.21067214012145996,0.18409746885299683,0.366931289434433,0.18409746885299683,0.0712926983833313,0.23767027258872986,0.21918705105781555,0.343524694442749,0.21918705105781555,0.2685206534533665,0.04095614328980446,0.18556474149227142,0.16121861338615417,0.3119475841522217,0.16121861338615417,0.07432957738637924,0.21171553432941437,0.19641362130641937,0.28070032596588135,0.19641362130641937
3,0.29487744802416355,0.04166539013385773,0.26143789291381836,0.22774168848991394,0.46614623069763184,0.22774168848991394,0.07482338696718216,0.28698208928108215,0.2628556489944458,0.4325292110443115,0.2628556489944458,0.252511057206269,0.04338841885328293,0.20695063471794128,0.17871825397014618,0.38632941246032715,0.17871825397014618,0.07672947645187378,0.23139549791812897,0.21391528844833374,0.32561343908309937,0.21391528844833374
4,0.2685731332167664,0.04398740455508232,0.2948310375213623,0.25616711378097534,0.5197185277938843,0.25616711378097534,0.07712620496749878,0.3193197250366211,0.29129350185394287,0.48202425241470337,0.29129350185394287,0.2399488244591088,0.04515533894300461,0.23366107046604156,0.20079535245895386,0.40160995721817017,0.20079535245895386,0.07844362407922745,0.25876584649086,0.23608537018299103,0.3646962642669678,0.23608537018299103
5,0.24841673029583405,0.0457182452082634,0.32667601108551025,0.28187572956085205,0.6031142473220825,0.28187572956085205,0.07883761078119278,0.3502529263496399,0.3170081079006195,0.5613765716552734,0.3170081079006195,0.23388476572160063,0.04668938368558884,0.25549694895744324,0.21620473265647888,0.44979214668273926,0.21620473265647888,0.07994677871465683,0.2800329327583313,0.2514917254447937,0.4143601059913635,0.2514917254447937
