epoch,train_loss,train_dice,train_f1,train_accuracy,train_precision,train_recall,train_dice_w_bg,train_f1_w_bg,train_accuracy_w_bg,train_precision_w_bg,train_recall_w_bg,val_loss,val_dice,val_f1,val_accuracy,val_precision,val_recall,val_dice_w_bg,val_f1_w_bg,val_accuracy_w_bg,val_precision_w_bg,val_recall_w_bg
1,0.588332672477265,0.029002752155065536,0.1262517124414444,0.10841226577758789,0.17767733335494995,0.10841226577758789,0.061523471027612686,0.15006078779697418,0.14256006479263306,0.16851256787776947,0.14256006479263306,0.29065388787923185,0.03834376856684685,0.16746360063552856,0.14756686985492706,0.2617657780647278,0.14756686985492706,0.07174751162528992,0.19401833415031433,0.18277259171009064,0.24198292195796967,0.18277259171009064
2,0.32989507214391195,0.03953620046377182,0.22150778770446777,0.19147324562072754,0.4047479033470154,0.19147324562072754,0.07270006090402603,0.24861279129981995,0.22659742832183838,0.38221997022628784,0.22659742832183838,0.261174782853702,0.04040927439928055,0.2005232274532318,0.16710200905799866,0.39295557141304016,0.16710200905799866,0.07380326092243195,0.22759050130844116,0.2023870348930359,0.3649769425392151,0.2023870348930359
3,0.2891094782575475,0.04283774644136429,0.268878698348999,0.23221726715564728,0.4859575927257538,0.23221726715564728,0.07598783075809479,0.2943975329399109,0.2673543095588684,0.4507368206977844,0.2673543095588684,0.24938595865307184,0.04282332956790924,0.22144338488578796,0.19016265869140625,0.40213873982429504,0.19016265869140625,0.07617801427841187,0.24751447141170502,0.22547033429145813,0.3820560574531555,0.22547033429145813
4,0.265018964378863,0.044920891523361206,0.3011418581008911,0.2599848210811615,0.5410829186439514,0.2599848210811615,0.07804957777261734,0.32573843002319336,0.29512855410575867,0.5025097727775574,0.29512855410575867,0.24374970305582572,0.04417525604367256,0.25848132371902466,0.22504472732543945,0.4169061779975891,0.22504472732543945,0.07751718163490295,0.2829095423221588,0.26032647490501404,0.3852604627609253,0.26032647490501404
5,0.24722766728940265,0.04651329666376114,0.3300153613090515,0.2840160131454468,0.5999644994735718,0.2840160131454468,0.079623743891716,0.35378187894821167,0.3191642761230469,0.558364748954773,0.3191642761230469,0.23731537106735953,0.04623156785964966,0.27319464087486267,0.2372095286846161,0.44120466709136963,0.2372095286846161,0.07953216880559921,0.29626592993736267,0.2724844515323639,0.4106987714767456,0.2724844515323639
