epoch,train_loss,train_m_dice,train_f1_score,val_loss,val_m_dice,val_f1_score
0.0,0.5385541319847107,0.13624756038188934,0.9024278521537781,0.24378466606140137,0.14872264862060547,0.6086496710777283
1.0,0.270120233297348,0.7598999738693237,0.9376820921897888,0.6220744848251343,0.036209382116794586,0.11271241307258606
2.0,0.17586608231067657,0.35876917839050293,0.35187798738479614,0.4334157407283783,0.5009446740150452,0.485172837972641
3.0,0.608816385269165,0.5609725117683411,0.9209511280059814,0.3219788074493408,0.9147657752037048,0.3645349442958832
