epoch,train_loss,train_dice,train_f1,train_accuracy,train_precision,train_recall,train_dice_w_bg,train_f1_w_bg,train_accuracy_w_bg,train_precision_w_bg,train_recall_w_bg,val_loss,val_dice,val_f1,val_accuracy,val_precision,val_recall,val_dice_w_bg,val_f1_w_bg,val_accuracy_w_bg,val_precision_w_bg,val_recall_w_bg
1,0.9591692262722793,0.02269471064209938,0.09711194038391113,0.08743246644735336,0.12138780951499939,0.08743246644735336,0.05379948392510414,0.11590918153524399,0.1190933883190155,0.11598395556211472,0.1190933883190155,0.3393328314366406,0.03106125444173813,0.1171029582619667,0.1000496968626976,0.1808246672153473,0.1000496968626976,0.06461033970117569,0.14691051840782166,0.13533848524093628,0.19343937933444977,0.13533848524093628
2,0.3610583903370552,0.03558919578790665,0.19462576508522034,0.17095127701759338,0.3027802109718323,0.17095127701759338,0.06877104938030243,0.22226504981517792,0.20602354407310486,0.3025556802749634,0.20602354407310486,0.2832619521307619,0.03791026398539543,0.1668335199356079,0.14247992634773254,0.23544909060001373,0.14247992634773254,0.07132302224636078,0.1955341398715973,0.17782151699066162,0.24217873811721802,0.17782151699066162
3,0.30725331562667596,0.039781440049409866,0.24506044387817383,0.2154521644115448,0.4507884383201599,0.2154521644115448,0.07295586913824081,0.27129659056663513,0.2505528926849365,0.4377359449863434,0.2505528926849365,0.26220981429700985,0.042023055255413055,0.18996348977088928,0.1645338237285614,0.26942795515060425,0.1645338237285614,0.0753943920135498,0.21602916717529297,0.19975546002388,0.26238149404525757,0.19975546002388
4,0.2776001131940164,0.04231167584657669,0.2792406678199768,0.24492572247982025,0.49177253246307373,0.24492572247982025,0.07547276467084885,0.304261177778244,0.28004026412963867,0.47074833512306213,0.28004026412963867,0.25087095409223475,0.043375078588724136,0.20203399658203125,0.172969251871109,0.33414793014526367,0.172969251871109,0.07671119272708893,0.2287169098854065,0.20825761556625366,0.3263009786605835,0.20825761556625366
5,0.25642094665746945,0.044173792004585266,0.3072126805782318,0.26849794387817383,0.5145739912986755,0.26849794387817383,0.07731527090072632,0.33130016922950745,0.30361729860305786,0.4917123019695282,0.30361729860305786,0.24590441155923556,0.044756051152944565,0.2129422128200531,0.18555785715579987,0.39986544847488403,0.18555785715579987,0.07804969698190689,0.23852352797985077,0.22085106372833252,0.3766994774341583,0.22085106372833252
