epoch,train_loss,train_dice,train_f1,train_accuracy,train_precision,train_recall,train_dice_w_bg,train_f1_w_bg,train_accuracy_w_bg,train_precision_w_bg,train_recall_w_bg,val_loss,val_dice,val_f1,val_accuracy,val_precision,val_recall,val_dice_w_bg,val_f1_w_bg,val_accuracy_w_bg,val_precision_w_bg,val_recall_w_bg
1,0.3866591799417931,0.03896121680736542,0.17300866544246674,0.14991770684719086,0.30745798349380493,0.14991770684719086,0.07213330268859863,0.20133128762245178,0.18508073687553406,0.28586751222610474,0.18508073687553406,0.2503969418463008,0.0476532056927681,0.20117688179016113,0.17538338899612427,0.34381935000419617,0.17538338899612427,0.08094191551208496,0.2283996343612671,0.21065720915794373,0.3450286388397217,0.21065720915794373
2,0.2839875203199237,0.047763239592313766,0.2739464044570923,0.23715487122535706,0.5053209066390991,0.23715487122535706,0.0809394046664238,0.2997630834579468,0.2724187672138214,0.4703114628791809,0.2724187672138214,0.22739228157904642,0.05211164429783821,0.24961711466312408,0.2239980399608612,0.34472161531448364,0.2239980399608612,0.08529925346374512,0.27365124225616455,0.25933247804641724,0.33816319704055786,0.25933247804641724
3,0.2469301772883251,0.051366545259952545,0.3330892324447632,0.2863011956214905,0.5681557059288025,0.2863011956214905,0.08450797945261002,0.35735195875167847,0.32158952951431274,0.5287261605262756,0.32158952951431274,0.2157755286400688,0.054035209119319916,0.2871173024177551,0.24891681969165802,0.4592185318470001,0.24891681969165802,0.08718191832304001,0.30763673782348633,0.28420811891555786,0.4257095158100128,0.28420811891555786
4,0.22195604516275746,0.05383957549929619,0.3799383044242859,0.3254622519016266,0.6291981339454651,0.3254622519016266,0.08693990856409073,0.40275853872299194,0.36075910925865173,0.5822951793670654,0.36075910925865173,0.2016984478409948,0.055842913687229156,0.3185998797416687,0.27307450771331787,0.4693745970726013,0.27307450771331787,0.08898311853408813,0.34030359983444214,0.30842745304107666,0.428547203540802,0.30842745304107666
5,0.2006875876706389,0.055855896323919296,0.4199802279472351,0.35974955558776855,0.6405994892120361,0.35974955558776855,0.08892495185136795,0.44121551513671875,0.3950548768043518,0.5929872393608093,0.3950548768043518,0.20471873002062585,0.05649303272366524,0.31048333644866943,0.26908835768699646,0.5578157305717468,0.26908835768699646,0.08961028605699539,0.3322741389274597,0.304432213306427,0.522952675819397,0.304432213306427
