channel_name,mean,std_dev
Red,0.107272,0.196006
Green,0.098213,0.185607
Blue,0.093506,0.178954
