channel_name,mean,std_dev
Red,0.063930,0.160208
Green,0.058531,0.151173
Blue,0.055726,0.145570
